{
  "best_metric": null,
  "best_model_checkpoint": null,
  "epoch": 1.0,
  "eval_steps": 500,
  "global_step": 2250,
  "is_hyper_param_search": false,
  "is_local_process_zero": true,
  "is_world_process_zero": true,
  "log_history": [
    {
      "epoch": 0.2222222222222222,
      "grad_norm": 5.7154622077941895,
      "learning_rate": 4.631851851851852e-05,
      "loss": 2.0425,
      "step": 500
    },
    {
      "epoch": 0.4444444444444444,
      "grad_norm": 3.1602299213409424,
      "learning_rate": 4.261481481481482e-05,
      "loss": 1.8712,
      "step": 1000
    },
    {
      "epoch": 0.6666666666666666,
      "grad_norm": 2.919130325317383,
      "learning_rate": 3.8911111111111117e-05,
      "loss": 1.7874,
      "step": 1500
    },
    {
      "epoch": 0.8888888888888888,
      "grad_norm": 2.8579728603363037,
      "learning_rate": 3.520740740740741e-05,
      "loss": 1.7542,
      "step": 2000
    }
  ],
  "logging_steps": 500,
  "max_steps": 6750,
  "num_input_tokens_seen": 0,
  "num_train_epochs": 3,
  "save_steps": 500,
  "stateful_callbacks": {
    "TrainerControl": {
      "args": {
        "should_epoch_stop": false,
        "should_evaluate": false,
        "should_log": false,
        "should_save": true,
        "should_training_stop": false
      },
      "attributes": {}
    }
  },
  "total_flos": 1881812966400000.0,
  "train_batch_size": 4,
  "trial_name": null,
  "trial_params": null
}
